Workbook

Sheet 원본
A1: 월 | B1: 유형 | C1: 카테고리 | D1: 금액
A2: 1월 | B2: 매출 | C2: 브런치 | D2: 5200000
A3: 1월 | B3: 매출 | C3: 키즈 | D3: 1800000
A4: 1월 | B4: 매출 | C4: 커피·음료 | D4: 3400000
A5: 1월 | B5: 매출 | C5: 디저트 | D5: 1100000
A6: 1월 | B6: 매출 | C6: 놀이존 | D6: 4500000
A7: 1월 | B7: 비용 | C7: 임대료 | D7: 3000000
A8: 1월 | B8: 비용 | C8: 인건비 | D8: 4800000
A9: 1월 | B9: 비용 | C9: 식자재 | D9: 3600000
A10: 1월 | B10: 비용 | C10: 공과금 | D10: 900000
A11: 1월 | B11: 비용 | C11: 마케팅 | D11: 800000
A12: 1월 | B12: 비용 | C12: 기타운영 | D12: 500000
A13: 2월 | B13: 매출 | C13: 브런치 | D13: 5800000
... A34: 3월 | B34: 비용 | C34: 기타운영 | D34: 600000

Sheet 월별요약
A1: 놀담 카페 · 2026 1분기(Q1) 월별 손익 리포트
A2: 단위: 원 · 요약·피벗은 SUMIFS 수식으로 자동 계산 (Excel에서 열면 재계산)
A4: ① 월별 손익 요약
A5: 구분 | B5: 1월 | C5: 2월 | D5: 3월 | E5: 분기 합계
A6: 매출 | B6: =SUMIFS('원본'!$D$2:$D$34,'원본'!$B$2:$B$34,"매출",'원본'!$A$2:$A$34,B$5) | C6: =SUMIFS('원본'!$D$2:$D$34,'원본'!$B$2:$B$34,"매출",'원본'!$A$2:$A$34,C$5) | D6: =SUMIFS('원본'!$D$2:$D$34,'원본'!$B$2:$B$34,"매출",'원본'!$A$2:$A$34,D$5) | E6: =SUM(B6:D6)
A7: 비용 | B7: =SUMIFS('원본'!$D$2:$D$34,'원본'!$B$2:$B$34,"비용",'원본'!$A$2:$A$34,B$5) | C7: =SUMIFS('원본'!$D$2:$D$34,'원본'!$B$2:$B$34,"비용",'원본'!$A$2:$A$34,C$5) | D7: =SUMIFS('원본'!$D$2:$D$34,'원본'!$B$2:$B$34,"비용",'원본'!$A$2:$A$34,D$5) | E7: =SUM(B7:D7)
A8: 영업이익 | B8: =B6-B7 | C8: =C6-C7 | D8: =D6-D7 | E8: =E6-E7
A9: 영업이익률 | B9: =IFERROR(B8/B6,0) | C9: =IFERROR(C8/C6,0) | D9: =IFERROR(D8/D6,0) | E9: =IFERROR(E8/E6,0)
A11: ② 카테고리별 매출 (피벗)
A12: 카테고리 | B12: 1월 | C12: 2월 | D12: 3월 | E12: 합계
A13: 브런치 | B13: =SUMIFS('원본'!$D$2:$D$34,'원본'!$C$2:$C$34,$A13,'원본'!$A$2:$A$34,B$12) | C13: =SUMIFS('원본'!$D$2:$D$34,'원본'!$C$2:$C$34,$A13,'원본'!$A$2:$A$34,C$12) | D13: =SUMIFS('원본'!$D$2:$D$34,'원본'!$C$2:$C$34,$A13,'원본'!$A$2:$A$34,D$12) | E13: =SUM(B13:D13)
A14: 키즈 | B14: =SUMIFS('원본'!$D$2:$D$34,'원본'!$C$2:$C$34,$A14,'원본'!$A$2:$A$34,B$12) | C14: =SUMIFS('원본'!$D$2:$D$34,'원본'!$C$2:$C$34,$A14,'원본'!$A$2:$A$34,C$12) | D14: =SUMIFS('원본'!$D$2:$D$34,'원본'!$C$2:$C$34,$A14,'원본'!$A$2:$A$34,D$12) | E14: =SUM(B14:D14)
A15: 커피·음료 | B15: =SUMIFS('원본'!$D$2:$D$34,'원본'!$C$2:$C$34,$A15,'원본'!$A$2:$A$34,B$12) | C15: =SUMIFS('원본'!$D$2:$D$34,'원본'!$C$2:$C$34,$A15,'원본'!$A$2:$A$34,C$12) | D15: =SUMIFS('원본'!$D$2:$D$34,'원본'!$C$2:$C$34,$A15,'원본'!$A$2:$A$34,D$12) | E15: =SUM(B15:D15)
A16: 디저트 | B16: =SUMIFS('원본'!$D$2:$D$34,'원본'!$C$2:$C$34,$A16,'원본'!$A$2:$A$34,B$12) | C16: =SUMIFS('원본'!$D$2:$D$34,'원본'!$C$2:$C$34,$A16,'원본'!$A$2:$A$34,C$12) | D16: =SUMIFS('원본'!$D$2:$D$34,'원본'!$C$2:$C$34,$A16,'원본'!$A$2:$A$34,D$12) | E16: =SUM(B16:D16)
A17: 놀이존 | B17: =SUMIFS('원본'!$D$2:$D$34,'원본'!$C$2:$C$34,$A17,'원본'!$A$2:$A$34,B$12) | C17: =SUMIFS('원본'!$D$2:$D$34,'원본'!$C$2:$C$34,$A17,'원본'!$A$2:$A$34,C$12) | D17: =SUMIFS('원본'!$D$2:$D$34,'원본'!$C$2:$C$34,$A17,'원본'!$A$2:$A$34,D$12) | E17: =SUM(B17:D17)
A18: 매출 합계 | B18: =SUM(B13:B17) | C18: =SUM(C13:C17) | D18: =SUM(D13:D17) | E18: =SUM(E13:E17)
